{
    "timeZone": "America/Bogota",
    "updated": "2026-01-06T11:00:00-05:00",
    "events": [
        {
            "since": "2026-01-01T00:00:00-05:00",
            "until": "2026-01-01T23:59:59-05:00",
            "label": "Año Nuevo"
        },
        {
            "since": "2026-01-12T00:00:00-05:00",
            "until": "2026-01-12T23:59:59-05:00",
            "label": "Día de los Reyes Magos"
        },
        {
            "since": "2026-03-23T00:00:00-05:00",
            "until": "2026-03-23T23:59:59-05:00",
            "label": "Día de San José"
        },
        {
            "since": "2026-04-02T00:00:00-05:00",
            "until": "2026-04-02T23:59:59-05:00",
            "label": "Jueves Santo"
        },
        {
            "since": "2026-04-03T00:00:00-05:00",
            "until": "2026-04-03T23:59:59-05:00",
            "label": "Viernes Santo"
        },
        {
            "since": "2026-05-01T00:00:00-05:00",
            "until": "2026-05-01T23:59:59-05:00",
            "label": "Día del Trabajo"
        },
        {
            "since": "2026-05-18T00:00:00-05:00",
            "until": "2026-05-18T23:59:59-05:00",
            "label": "Ascensión del Señor"
        },
        {
            "since": "2026-06-08T00:00:00-05:00",
            "until": "2026-06-08T23:59:59-05:00",
            "label": "Corpus Christi"
        },
        {
            "since": "2026-06-15T00:00:00-05:00",
            "until": "2026-06-15T23:59:59-05:00",
            "label": "Día del Sagrado Corazón"
        },
        {
            "since": "2026-06-29T00:00:00-05:00",
            "until": "2026-06-29T23:59:59-05:00",
            "label": "Día de San Pedro y San Pablo"
        },
        {
            "since": "2026-07-20T00:00:00-05:00",
            "until": "2026-07-20T23:59:59-05:00",
            "label": "Día de la independencia"
        },
        {
            "since": "2026-08-07T00:00:00-05:00",
            "until": "2026-08-07T23:59:59-05:00",
            "label": "Batalla de Boyacá"
        },
        {
            "since": "2026-08-17T00:00:00-05:00",
            "until": "2026-08-17T23:59:59-05:00",
            "label": "Asunción de la Virgen"
        },
        {
            "since": "2026-10-12T00:00:00-05:00",
            "until": "2026-10-12T23:59:59-05:00",
            "label": "Día de la Raza"
        },
        {
            "since": "2026-11-02T00:00:00-05:00",
            "until": "2026-11-02T23:59:59-05:00",
            "label": "Día de todos los Santos"
        },
        {
            "since": "2026-11-16T00:00:00-05:00",
            "until": "2026-11-16T23:59:59-05:00",
            "label": "Independencia de Cartagena"
        },
        {
            "since": "2026-12-08T00:00:00-05:00",
            "until": "2026-12-08T23:59:59-05:00",
            "label": "Día de la Inmaculada Concepción"
        },
        {
            "since": "2026-12-25T00:00:00-05:00",
            "until": "2026-12-25T23:59:59-05:00",
            "label": "Navidad"
        }
    ]
}